{
	"credit": "Made with Blockbench",
	"parent": "minecraft:block/cube_bottom_top",
	"textures": {
		"3": "block/barrel_inside",
		"particle": "block/barrel_inside",
		"top": "block/barrel_top_open",
		"bottom": "block/barrel_bottom",
		"side": "block/barrel_side"
	},
	"elements": [
		{
			"name": "outside",
			"from": [0, 0, 0],
			"to": [16, 16, 16],
			"faces": {
				"north": {"uv": [0, 0, 16, 16], "texture": "#side"},
				"east": {"uv": [0, 0, 16, 16], "texture": "#side"},
				"south": {"uv": [0, 0, 16, 16], "texture": "#side"},
				"west": {"uv": [0, 0, 16, 16], "texture": "#side"},
				"down": {"uv": [0, 0, 16, 16], "texture": "#bottom"}
			}
		},
		{
			"name": "top_north",
			"from": [0, 2, 0],
			"to": [16, 16, 2],
			"faces": {
				"south": {"uv": [0, 1, 16, 15], "texture": "#3"},
				"up": {"uv": [0, 0, 16, 2], "texture": "#top"}
			}
		},
		{
			"name": "top_south",
			"from": [0, 2, 14],
			"to": [16, 16, 16],
			"faces": {
				"north": {"uv": [0, 1, 16, 15], "texture": "#3"},
				"up": {"uv": [0, 14, 16, 16], "texture": "#top"}
			}
		},
		{
			"name": "top_west",
			"from": [0, 2, 2],
			"to": [2, 16, 14],
			"faces": {
				"east": {"uv": [2, 1, 14, 15], "texture": "#3"},
				"up": {"uv": [0, 2, 2, 14], "texture": "#top"}
			}
		},
		{
			"name": "top_east",
			"from": [14, 2, 2],
			"to": [16, 16, 14],
			"faces": {
				"west": {"uv": [2, 1, 14, 15], "texture": "#3"},
				"up": {"uv": [14, 2, 16, 14], "texture": "#top"}
			}
		},
		{
			"name": "inside_bottom",
			"from": [2, 0, 2],
			"to": [14, 2, 14],
			"rotation": {"angle": 0, "axis": "y", "origin": [2, 0, 2]},
			"faces": {
				"up": {"uv": [2, 2, 14, 14], "texture": "#3"}
			}
		}
	]
}